pos_x,pos_y,rotation,side,designator,mpn,pack,footprint,value,mount_type
82.509,-98.99,0.0,top,BAT+1,,,BatteryPad,+,tht
217.259,-98.99,0.0,top,BAT+2,,,BatteryPad,+,tht
87.509,-98.99,0.0,top,BATGND1,,,BatteryPad,-,tht
212.259,-98.99,0.0,top,BATGND2,,,BatteryPad,-,tht
55.259,-81.49,-83.0,top,DL1,,,Diode_SOD27,D_Small,tht
130.259,-85.24,-90.0,top,DL10,,,Diode_SOD27,D_Small,tht
59.759,-114.49,-83.0,top,DL11,,,Diode_SOD27,D_Small,tht
76.259,-100.49,92.0,top,DL12,,,Diode_SOD27,D_Small,tht
94.009,-91.24,90.0,top,DL13,,,Diode_SOD27,D_Small,tht
112.25,-99.49,-90.0,top,DL14,,,Diode_SOD27,D_Small,tht
130.259,-102.24,-90.0,top,DL15,,,Diode_SOD27,D_Small,tht
37.509,-93.49,100.0,top,DL16,,,Diode_SOD27,D_Small,tht
40.509,-110.24,100.0,top,DL17,,,Diode_SOD27,D_Small,tht
87.759,-114.49,-90.0,top,DL18,,,Diode_SOD27,D_Small,tht
108.759,-114.49,-97.5,top,DL19,,,Diode_SOD27,D_Small,tht
75.009,-66.49,92.0,top,DL2,,,Diode_SOD27,D_Small,tht
129.009,-119.49,-112.5,top,DL20,,,Diode_SOD27,D_Small,tht
94.009,-60.74,90.0,top,DL3,,,Diode_SOD27,D_Small,tht
112.259,-65.49,90.0,top,DL4,,,Diode_SOD27,D_Small,tht
130.259,-68.24,90.0,top,DL5,,,Diode_SOD27,D_Small,tht
57.259,-97.74,97.0,top,DL6,,,Diode_SOD27,D_Small,tht
75.509,-83.49,92.0,top,DL7,,,Diode_SOD27,D_Small,tht
94.009,-73.99,90.0,top,DL8,,,Diode_SOD27,D_Small,tht
112.259,-82.49,-90.0,top,DL9,,,Diode_SOD27,D_Small,tht
245.009,-77.99,-97.5,top,DR1,,,Diode_SOD27,D_Small,tht
169.809,-85.24,90.0,top,DR10,,,Diode_SOD27,D_Small,tht
241.009,-109.99,-97.5,top,DR11,,,Diode_SOD27,D_Small,tht
223.759,-98.24,88.0,top,DR12,,,Diode_SOD27,D_Small,tht
205.75,-99.24,90.0,top,DR13,,,Diode_SOD27,D_Small,tht
187.75,-96.74,90.0,top,DR14,,,Diode_SOD27,D_Small,tht
169.809,-102.24,90.0,top,DR15,,,Diode_SOD27,D_Small,tht
260.25,-104.99,-100.0,top,DR16,,,Diode_SOD27,D_Small,tht
263.25,-87.99,-100.0,top,DR17,,,Diode_SOD27,D_Small,tht
212.259,-114.24,-90.0,top,DR18,,,Diode_SOD27,D_Small,tht
171.009,-119.99,-67.4,top,DR19,,,Diode_SOD27,D_Small,tht
225.0,-66.24,88.0,top,DR2,,,Diode_SOD27,D_Small,tht
191.259,-114.49,-82.5,top,DR20,,,Diode_SOD27,D_Small,tht
205.75,-65.74,90.0,top,DR3,,,Diode_SOD27,D_Small,tht
187.75,-62.74,90.0,top,DR4,,,Diode_SOD27,D_Small,tht
169.809,-68.24,90.0,top,DR5,,,Diode_SOD27,D_Small,tht
243.009,-94.74,-97.5,top,DR6,,,Diode_SOD27,D_Small,tht
224.5,-83.49,88.0,top,DR7,,,Diode_SOD27,D_Small,tht
205.75,-82.24,90.0,top,DR8,,,Diode_SOD27,D_Small,tht
187.75,-79.74,90.0,top,DR9,,,Diode_SOD27,D_Small,tht
138.2,-49.7,0.0,top,J1,,,MJ-4PP-9_1side,MJ-4PP-9,tht
161.8,-49.7,0.0,top,J2,,,MJ-4PP-9_1side,MJ-4PP-9,tht
69.0,-50.0,-90.0,top,PSW1,,,MSK12C02,SW_SPDT,smt
238.8,-50.0,-90.0,top,PSW2,,,MSK12C02,SW_SPDT,smt
120.725,-51.7025,0.0,top,RSW1,,,SW_Tactile_SPST_Angled_PTS645Vx39-2LFS,SW_Push,tht
174.75,-51.7025,0.0,top,RSW2,,,SW_Tactile_SPST_Angled_PTS645Vx39-2LFS,SW_Push,tht
44.350509,-79.997401,10.0,top,SWL1,,,Kailh_socket_PG1350_optional,SW_Push_45deg,tht
121.129205,-82.324769,0.0,top,SWL10,,,Kailh_socket_PG1350_optional,SW_Push_45deg,tht
50.254623,-113.481299,10.0,top,SWL11,,,Kailh_socket_PG1350_optional,SW_Push_45deg,tht
66.902565,-98.364348,4.0,top,SWL12,,,Kailh_socket_PG1350_optional,SW_Push_45deg,tht
85.129229,-88.168408,0.0,top,SWL13,,,Kailh_socket_PG1350_optional,SW_Push_45deg,tht
103.129241,-96.604887,0.0,top,SWL14,,,Kailh_socket_PG1350_optional,SW_Push_45deg,tht
121.129205,-99.324989,0.0,top,SWL15,,,Kailh_socket_PG1350_optional,SW_Push_45deg,tht
31.152565,-109.089348,10.0,top,SWL16,,,Kailh_socket_PG1350_optional,SW_Push_45deg,tht
28.099048,-92.353352,10.0,top,SWL17,,,Kailh_socket_PG1350_optional,SW_Push_45deg,tht
98.103165,-117.314348,0.0,top,SWL18,,,Kailh_socket_PG1350_optional,SW_Push_45deg,tht
118.027565,-120.089348,-15.0,top,SWL19,,,Kailh_socket_PG1350_optional,SW_Push_45deg,tht
64.530814,-64.446731,4.0,top,SWL2,,,Kailh_socket_PG1350_optional,SW_Push_45deg,tht
136.477565,-127.764348,-30.0,top,SWL20,,,Kailh_socket_PG1350_optional,SW_Push_45deg,tht
85.129229,-54.167968,0.0,top,SWL3,,,Kailh_socket_PG1350_optional,SW_Push_45deg,tht
103.129241,-62.604447,0.0,top,SWL4,,,Kailh_socket_PG1350_optional,SW_Push_45deg,tht
121.129205,-65.324549,0.0,top,SWL5,,,Kailh_socket_PG1350_optional,SW_Push_45deg,tht
47.302565,-96.739348,10.0,top,SWL6,,,Kailh_socket_PG1350_optional,SW_Push_45deg,tht
65.71669,-81.405539,4.0,top,SWL7,,,Kailh_socket_PG1350_optional,SW_Push_45deg,tht
85.129229,-71.168188,0.0,top,SWL8,,,Kailh_socket_PG1350_optional,SW_Push_45deg,tht
103.129241,-79.604667,0.0,top,SWL9,,,Kailh_socket_PG1350_optional,SW_Push_45deg,tht
255.552565,-80.014348,-10.0,top,SWR1,,,Kailh_socket_PG1350_optional,SW_Push_45deg,tht
178.753285,-82.409847,0.0,top,SWR10,,,Kailh_socket_PG1350_optional,SW_Push_45deg,tht
249.648451,-113.498245,-10.0,top,SWR11,,,Kailh_socket_PG1350_optional,SW_Push_45deg,tht
232.916689,-98.370992,-4.0,top,SWR12,,,Kailh_socket_PG1350_optional,SW_Push_45deg,tht
214.753165,-88.168408,0.0,top,SWR13,,,Kailh_socket_PG1350_optional,SW_Push_45deg,tht
196.753205,-96.604887,0.0,top,SWR14,,,Kailh_socket_PG1350_optional,SW_Push_45deg,tht
178.753285,-99.410067,0.0,top,SWR15,,,Kailh_socket_PG1350_optional,SW_Push_45deg,tht
268.702565,-109.089348,-10.0,top,SWR16,,,Kailh_socket_PG1350_optional,SW_Push_45deg,tht
271.697868,-92.353352,-10.0,top,SWR17,,,Kailh_socket_PG1350_optional,SW_Push_45deg,tht
201.778165,-117.314348,0.0,top,SWR18,,,Kailh_socket_PG1350_optional,SW_Push_45deg,tht
181.877565,-120.089348,15.0,top,SWR19,,,Kailh_socket_PG1350_optional,SW_Push_45deg,tht
235.28844,-64.453375,-4.0,top,SWR2,,,Kailh_socket_PG1350_optional,SW_Push_45deg,tht
163.427203,-127.764348,30.0,top,SWR20,,,Kailh_socket_PG1350_optional,SW_Push_45deg,tht
214.753165,-54.167968,0.0,top,SWR3,,,Kailh_socket_PG1350_optional,SW_Push_45deg,tht
196.753205,-62.604447,0.0,top,SWR4,,,Kailh_socket_PG1350_optional,SW_Push_45deg,tht
178.753245,-65.324549,0.0,top,SWR5,,,Kailh_socket_PG1350_optional,SW_Push_45deg,tht
252.600506,-96.756297,-10.0,top,SWR6,,,Kailh_socket_PG1350_optional,SW_Push_45deg,tht
234.102565,-81.412184,-4.0,top,SWR7,,,Kailh_socket_PG1350_optional,SW_Push_45deg,tht
214.753165,-71.168188,0.0,top,SWR8,,,Kailh_socket_PG1350_optional,SW_Push_45deg,tht
196.753205,-79.604667,0.0,top,SWR9,,,Kailh_socket_PG1350_optional,SW_Push_45deg,tht
